{"loss": [1.0501959323883057, 0.3852624297142029, 0.23571011424064636, 0.16276338696479797, 0.12668870389461517, 0.09860338270664215, 0.07558966428041458, 0.07026925683021545, 0.06028703227639198, 0.057252902537584305, 0.04480002820491791, 0.044829051941633224], "accuracy": [0.6952415108680725, 0.8787965178489685, 0.9245607852935791, 0.9474784731864929, 0.9586314558982849, 0.9682623147964478, 0.9755886197090149, 0.9767408967018127, 0.9812931418418884, 0.9818621277809143, 0.9852479100227356, 0.9854186177253723], "val_loss": [0.7960453033447266, 0.7908565402030945, 0.3888608515262604, 0.5618537664413452, 0.23526783287525177, 0.2207539826631546, 0.13424144685268402, 0.24493801593780518, 0.6992591023445129, 0.22687548398971558, 0.2122717797756195, 0.3959061801433563], "val_accuracy": [0.7519348859786987, 0.7712838649749756, 0.8854427337646484, 0.8505576848983765, 0.9311404228210449, 0.9358638525009155, 0.9601638913154602, 0.9339858889579773, 0.8614272475242615, 0.9397336840629578, 0.9473594427108765, 0.9137263894081116]}